<?xml version="1.0" encoding="utf-8" ?>
<ties>
	<version>0.1</version>
	<generate>2009-10-01 17:32:33</generate>
	<generator>BadNet</generator>
	<eventname>nom du tournoi</eventname>
	<team id='identifiant'>
		<teamname>nom de l'équipe</teamname>
		<teamstamp>sigle de l'équipe</teamstamp>
		<teampos>position dans le groupe</teampos>
		<player id='identifiant'>
			<gender>nom</gender>
			<famname>nom</famname>
			<firstname>prenom</firstname>
			<license>licence</license>
			<born>date de naissance 1964-05-02</born>
			<catage>categorie</catage>
			<numcatage>numero categorie</numcatage>
			<surclasse>surclassement</surclasse>
			<mute>oui ou non</mute>
			<stranger>oui ou non</stranger>
			<rank discipline='simple|double|mixte'>
				<level>NC</level>
				<points>points</points>
				<order>rang national</order>
			</rank>
		</player>
	</team>
	<tie id='identifiant'>
		<division>date prevue</division>
		<group>groupe</group>
		<schedule>date prevue</schedule>
		<sporthall>lieu</sporthall>
		<step>journee</step>
		<tiepos>position dans le groupe</tiepos>
		<teamh>identifiant equipe hote</teamh>
		<teamv>identifiant equipe visiteuse</teamv>
		<match id='identifiant'
			disci="1(SH) | 2(SD)  | 3(DH) | 4(DD) | 5(MX)" position='1,2,3...'>
			<numero></numero>
			<begin>heure debut</begin>
			<end>heure fin</end>
			<pair id='identifiant'>
				<result>resultat</result>
				<pospair>position</pospair>
				<pairplay>identifiant joueur</pairplay>
				<cancel />
				<injured />
				<score>point marque</score>
			</pair>
		</match>
	</tie>

</ties>